HX69PU79;DU94MF41
YL15EJ95;YI97RU81
DF95GP53;KX32MM66
ZZ19RB88;JP69WH45
RH97VF33;LR31WG79
YE74PL58;FG65FQ38
JL88UC22;AD12LB61
BY20DY92;QX43ZL95
KH20CZ54;EO88KQ61
SC54ZX51;CC39EH79
MW38EK75;MZ37NJ77
FQ87HC56;BF18LR26
AT66VC38;TB41VN20
ZC12XJ42;SS26HE87
IX73CM63;VO15BS92
DS87LU98;IU82MY18
HJ93GG93;MB72LW40
SX34XR75;XB32WO90
HY57FH32;XA20LN65
DO95AX76;JO75HZ22
IP74QL85;DY70LP85
AD23FD23;VS80ER37
YK94OB85;HQ95OY70
VW14SO86;RU48FE21
GO56OD99;ZS67YX24
TF52NS43;MS34HX38
SR33WE99;MX56WV67
RH73MM86;YL28HS62
CX15NV13;KG91IE94
RV44DE61;TY15AC68
PV47SA84;FN41YN70
JN86IZ83;JS73FS45
ZM16YN92;UQ55PC97
VA19BT12;SE48RV80
OG11MM29;PH93LX36
YY44HN67;SM62CB95
CN35ME77;TV19KY39
MR54EH63;SA48CW85
HK79IP19;TY25SK21
FW22MB41;OT55UY33
KU62HD31;JL47GH26
WO81SE53;SC14GM80
YT10OP88;IK90RP14
ZC92JX81;UM18TD19
EA97TX61;ER29AI83
QQ76VK40;MX33EE27
FX91OD72;SG93AP85
KE87RT57;CG13BS10
OR26TU45;HJ71UD83
CO67BH53;RD26ZC11
GU17VO24;OQ10JN96
LS46YZ52;QU78OF75
YZ96PI40;LO43TS39
RW91JW54;DY86IV94
GJ37VT18;DL79MK75
NA84MS92;VB54NW76
XR86AZ88;AP59XP66
UV66CJ25;IA64EM95
DN16PI39;BA17GL15
UZ97AX63;CU62GW14
CC71LY26;GH42AZ23
PX81ST73;XK69BV20
EH78EV94;RH73BH19
WZ23PY78;JA39WT16
MX20OU25;XA99KR24
JR57EQ73;OP98HQ85
MJ86AP34;HL55WT20
XG53TI87;ZZ61OH54
QR25SX59;EA79KG83
YQ71PH99;IV29YH63
OA13EC56;CB88HC58
YK41CU25;AK43LV93
SD61SK73;SH51WD71
XN27YO73;JZ93FF56
HU92CA99;WP33JU41
RV21YB67;UF61IH29
ON95JP68;PG73RS20
XZ10ND88;TP19IC28
OV96WN14;VO50UC25
AA23WV83;FC66WF13
YF57YT31;FX36MF32
FT28BN35;IG61LI78
BT44JN47;JS31OH48
EW72ID11;PN60TK72
QQ35MZ52;IP23YT77
WO91DQ58;KY60XH78
FI75LO94;LF87ZR10
IQ80NJ14;PW77EF26
FH28SC81;UA81YW74
DP83GM71;UH54JK15
OD31PH20;CE81HY73
FB41ZX12;FW63MJ21
UM29KV33;KO67JU91
UZ72BX19;VY68IH70
WM39GH69;YH70YY36
VW80SR78;CQ33GF65
UK79WX85;TL21TI39
UW80TJ49;YF77FM90
GZ51YB48;NB68NT93
HZ53YO74;GU33XU87
NZ54WB54;AP80NY22
RU73RF91;BM14TM22
ZZ36JE28;ME18SD64
GH51ST41;GZ60ZS33
KC95TV38;ZN53GL20
WA14PO35;MN22GI80
PL13LB26;MO38BM83
KZ65DL73;SP31UZ52
AJ68SQ80;VC39RU86
ND60IL60;KO41GT21
UJ19ZH99;NL30LS98
BU99JV16;FQ23LK71
DE63TY94;CL38PD13
QD51ZN54;NK92HC52
XR29ZR87;YV11CQ48
AH79ZF37;UY54BK31
OO69MD21;IR22II81
ZR31TQ23;MO59RA57
EH77XO78;TS78FV27
SL66KO92;QF38DP27
